Position,Name + ID,Name,ID,Roster Position,Salary,Game Info,TeamAbbrev,AvgPointsPerGame,Status
F,Jacobe Smith (44347779),Jacobe Smith,44347779,F,9800,Whitehead@Smith 10/03/2026 04:30PM ET,Smith,111.3,
F,Payton Talbott (44314148),Payton Talbott,44314148,F,9600,Talbott@Figueiredo 10/03/2026 09:00PM ET,Talbott,89.2,
F,Damian Pinas (44314157),Damian Pinas,44314157,F,9400,Pulyaev@Pinas 10/03/2026 06:40PM ET,Pinas,114.8,
F,Anthony Wint (44314172),Anthony Wint,44314172,F,9300,Armand@Wint 10/03/2026 06:00PM ET,Wint,110.1,
F,Roberto Soldic (44314164),Roberto Soldic,44314164,F,9200,Williams@Soldic 10/03/2026 08:20PM ET,Soldic,0,
F,Alexander Hernandez (44314169),Alexander Hernandez,44314169,F,9100,Hernandez@Dos Anjos 10/03/2026 04:20PM ET,Hernandez,62.7,
F,Eric Nolan (44314159),Eric Nolan,44314159,F,9000,Nolan@McGee 10/03/2026 04:00PM ET,Nolan,9.3,
F,Esteban Ribovics (44314167),Esteban Ribovics,44314167,F,8900,Ribovics@Green 10/03/2026 08:40PM ET,Ribovics,75.2,
F,Ateba Gautier (44314154),Ateba Gautier,44314154,F,8800,Kopylov@Gautier 10/03/2026 08:00PM ET,Gautier,96,
F,Natalia Silva (44314161),Natalia Silva,44314161,F,8700,Cong@Silva 10/03/2026 09:20PM ET,Silva,73.1,
F,Imanol Rodriguez (44314156),Imanol Rodriguez,44314156,F,8600,Coria@Rodriguez 10/03/2026 07:00PM ET,Rodriguez,111.6,
F,Marcus McGhee (44314165),Marcus McGhee,44314165,F,8500,Romero@McGhee 10/03/2026 06:20PM ET,McGhee,78.3,
F,Johnny Walker (44314149),Johnny Walker,44314149,F,8400,Parkin@Walker 10/03/2026 04:40PM ET,Walker,59.8,
F,Ismail Naurdiev (44314151),Ismail Naurdiev,44314151,F,8300,Naurdiev@Vettori 10/03/2026 04:10PM ET,Naurdiev,64.6,
F,Marvin Vettori (44314152),Marvin Vettori,44314152,F,7900,Naurdiev@Vettori 10/03/2026 04:10PM ET,Vettori,73.9,
F,Mick Parkin (44314150),Mick Parkin,44314150,F,7800,Parkin@Walker 10/03/2026 04:40PM ET,Parkin,73.6,
F,Alden Coria (44314155),Alden Coria,44314155,F,7600,Coria@Rodriguez 10/03/2026 07:00PM ET,Coria,79.2,
F,Wang Cong (44314162),Wang Cong,44314162,F,7500,Cong@Silva 10/03/2026 09:20PM ET,Cong,79.4,
F,Roman Kopylov (44314153),Roman Kopylov,44314153,F,7400,Kopylov@Gautier 10/03/2026 08:00PM ET,Kopylov,67.6,
F,King Green (44314168),King Green,44314168,F,7300,Ribovics@Green 10/03/2026 08:40PM ET,Green,67.1,
F,Court McGee (44314160),Court McGee,44314160,F,7200,Nolan@McGee 10/03/2026 04:00PM ET,McGee,60.2,
F,Rafael Dos Anjos (44314170),Rafael Dos Anjos,44314170,F,7100,Hernandez@Dos Anjos 10/03/2026 04:20PM ET,Dos Anjos,73.3,
F,Khaos Williams (44314163),Khaos Williams,44314163,F,7000,Williams@Soldic 10/03/2026 08:20PM ET,Williams,75.2,
F,Lucas Armand (44314171),Lucas Armand,44314171,F,6900,Armand@Wint 10/03/2026 06:00PM ET,Armand,0,
F,Andrey Pulyaev (44314158),Andrey Pulyaev,44314158,F,6800,Pulyaev@Pinas 10/03/2026 06:40PM ET,Pulyaev,32.9,
F,Anthony Romero (44357780),Anthony Romero,44357780,F,6700,Romero@McGhee 10/03/2026 06:20PM ET,Romero,0,
F,Deiveson Figueiredo (44314147),Deiveson Figueiredo,44314147,F,6600,Talbott@Figueiredo 10/03/2026 09:00PM ET,Figueiredo,67,
F,Bruce Whitehead (44347778),Bruce Whitehead,44347778,F,6400,Whitehead@Smith 10/03/2026 04:30PM ET,Whitehead,0,
